updated_at,created_at,annotation_id,annotator,label,lead_time,id,image
2023-02-16T21:31:56.088900Z,2023-02-16T21:31:51.849150Z,2,1,[{"x": 0.9462437378196054, "y": 44.187740603619034, "width": 28.70723027544643, "height": 3.9562445720190462, "rotation": 0, "rectanglelabels": ["Arrow"], "original_width": 3000, "original_height": 4000}, {"x": 21.422508845678934, "y": 60.10919298691039, "width": 16.335630951385, "height": 19.349150792629835, "rotation": 0, "rectanglelabels": ["Arrow"], "original_width": 3000, "original_height": 4000}, {"x": 47.194106918234205, "y": 44.3020185102697, "width": 5.172028483237191, "height": 5.34490761749326, "rotation": 0, "rectanglelabels": ["Arrow"], "original_width": 3000, "original_height": 4000}, {"x": 73.88087739487523, "y": 39.72028169412096, "width": 23.771429909854273, "height": 4.438158527484576, "rotation": 0, "rectanglelabels": ["Arrow"], "original_width": 3000, "original_height": 4000}, {"x": 63.998243311634624, "y": 51.07881296938073, "width": 18.509515701224373, "height": 9.397872662734981, "rotation": 0, "rectanglelabels": ["Arrow"], "original_width": 3000, "original_height": 4000}, {"x": 69.78644237971506, "y": 59.42717700988147, "width": 15.838039208264256, "height": 19.511319386084526, "rotation": 0, "rectanglelabels": ["Arrow"], "original_width": 3000, "original_height": 4000}],289.21000000000004,1,/data/upload/1/927f62eb-UnprocessedTrainingData-Shoot1_1.jpg
2023-02-16T21:37:52.257738Z,2023-02-16T21:37:49.185991Z,3,1,[{"x": 5.697379928504693, "y": 38.496142567249905, "width": 34.160718592229465, "height": 5.186870073162862, "rotation": 0, "rectanglelabels": ["Arrow"], "original_width": 3000, "original_height": 4000}, {"x": 20.49877471007684, "y": 61.31753425530538, "width": 61.44599232134863, "height": 18.294220160207047, "rotation": 0, "rectanglelabels": ["Arrow"], "original_width": 3000, "original_height": 4000}, {"x": 47.11143051063999, "y": 86.76226481614385, "width": 0.7984988222142404, "height": 0.14971852916516626, "rotation": 0, "rectanglelabels": ["Arrow"], "original_width": 3000, "original_height": 4000}, {"x": 51.33116682785127, "y": 55.90869822863266, "width": 48.66883317214873, "height": 8.562414678781021, "rotation": 0, "rectanglelabels": ["Arrow"], "original_width": 3000, "original_height": 4000}, {"x": 45.46696622931917, "y": 48.472006296018684, "width": 54.53303377068032, "height": 5.610510325743543, "rotation": 0, "rectanglelabels": ["Arrow"], "original_width": 3000, "original_height": 4000}, {"x": 32.80363092461101, "y": 40.0187162724284, "width": 55.015705006736404, "height": 3.631929538104315, "rotation": 0, "rectanglelabels": ["Arrow"], "original_width": 3000, "original_height": 4000}, {"x": 51.597042229687986, "y": 35.53915923999881, "width": 48.4029577703118, "height": 5.726547116487577, "rotation": 0, "rectanglelabels": ["Arrow"], "original_width": 3000, "original_height": 4000}],352.946,2,/data/upload/1/0cd95331-UnprocessedTrainingData-Shoot1_2.jpg
2023-02-16T21:39:35.894211Z,2023-02-16T21:39:35.894174Z,4,1,[{"x": 47.51397950365706, "y": 51.48481185948927, "width": 18.477658695866637, "height": 7.547793619070521, "rotation": 0, "rectanglelabels": ["Arrow"], "original_width": 3000, "original_height": 4000}, {"x": 37.12029648723208, "y": 42.32847205930536, "width": 8.57891296593808, "height": 7.052856332574094, "rotation": 0, "rectanglelabels": ["Arrow"], "original_width": 3000, "original_height": 4000}, {"x": 45.534230357671355, "y": 45.42183009990804, "width": 7.094101106448793, "height": 6.805387689325874, "rotation": 0, "rectanglelabels": ["Arrow"], "original_width": 3000, "original_height": 4000}, {"x": 29.201299903289236, "y": 46.411704672900896, "width": 13.033348544405932, "height": 7.176590654198202, "rotation": 0, "rectanglelabels": ["Arrow"], "original_width": 3000, "original_height": 4000}, {"x": 95.52289629381046, "y": 49.18521781655758, "width": 4.477103706189434, "height": 1.569798647042685, "rotation": 0, "rectanglelabels": ["Arrow"], "original_width": 3000, "original_height": 4000}],88.529,3,/data/upload/1/1104cae3-UnprocessedTrainingData-Shoot1_3.jpg
2023-02-16T21:41:34.676484Z,2023-02-16T21:41:34.676446Z,5,1,[{"x": 19.63251236435824, "y": 55.07310718658827, "width": 42.069669352196264, "height": 16.209196132758084, "rotation": 0, "rectanglelabels": ["Arrow"], "original_width": 3000, "original_height": 4000}, {"x": 0.16497909549880893, "y": 53.21709236222676, "width": 65.49670091302725, "height": 8.90887115693549, "rotation": 0, "rectanglelabels": ["Arrow"], "original_width": 3000, "original_height": 4000}, {"x": 62.3620980985499, "y": 53.217092362226765, "width": 3.464561005474986, "height": 0.6186716081205378, "rotation": 0, "rectanglelabels": ["Arrow"], "original_width": 3000, "original_height": 4000}, {"x": 0.16497909549880907, "y": 48.26771949726249, "width": 51.473477795628405, "height": 6.434184724453528, "rotation": 0, "rectanglelabels": ["Arrow"], "original_width": 3000, "original_height": 4000}],114.936,4,/data/upload/1/a3b487c2-UnprocessedTrainingData-Shoot1_4.jpg
2023-02-16T21:43:29.307767Z,2023-02-16T21:43:29.307724Z,6,1,[{"x": 43.45964356740655, "y": 16.013500644209408, "width": 8.304732831269867, "height": 22.590112813416923, "rotation": 0, "rectanglelabels": ["Arrow"], "original_width": 3000, "original_height": 4000}, {"x": 26.106470487141134, "y": 45.854760780451564, "width": 14.998099590800749, "height": 15.338965490591736, "rotation": 0, "rectanglelabels": ["Arrow"], "original_width": 3000, "original_height": 4000}, {"x": 52.879937525264964, "y": 50.038115005158446, "width": 11.775367447322965, "height": 15.153038636160348, "rotation": 0, "rectanglelabels": ["Arrow"], "original_width": 3000, "original_height": 4000}, {"x": 46.310522002021585, "y": 50.96774927731544, "width": 8.428684067557388, "height": 22.218259104554097, "rotation": 0, "rectanglelabels": ["Arrow"], "original_width": 3000, "original_height": 4000}, {"x": 52.26018134382687, "y": 52.54812753998244, "width": 5.701756869230028, "height": 24.63530821216246, "rotation": 0, "rectanglelabels": ["Arrow"], "original_width": 3000, "original_height": 4000}, {"x": 95.4138042573584, "y": 25.7002894763843, "width": 4.586195742641588, "height": 2.7703104147299586, "rotation": 0, "rectanglelabels": ["Arrow"], "original_width": 3000, "original_height": 4000}],112.388,5,/data/upload/1/74413f63-UnprocessedTrainingData-Shoot1_5.jpg
2023-02-16T21:45:20.840237Z,2023-02-16T21:45:20.840197Z,7,1,[{"x": 25.571759802315388, "y": 62.63223486951958, "width": 14.683139499393922, "height": 34.15067276825353, "rotation": 0, "rectanglelabels": ["Arrow"], "original_width": 3000, "original_height": 4000}, {"x": 50.153645031638014, "y": 64.24078105063309, "width": 26.231676184310675, "height": 33.03706387363655, "rotation": 0, "rectanglelabels": ["Arrow"], "original_width": 3000, "original_height": 4000}, {"x": 68.79628282300347, "y": 50.13506838548489, "width": 31.203717176996538, "height": 9.972986134099433, "rotation": 0, "rectanglelabels": ["Arrow"], "original_width": 3000, "original_height": 4000}, {"x": 71.76590654198203, "y": 46.42303873676169, "width": 28.234093458017977, "height": 1.8065209069083747, "rotation": 0, "rectanglelabels": ["Arrow"], "original_width": 3000, "original_height": 4000}, {"x": 20.622386937351152, "y": 58.177799291051755, "width": 12.373432162410596, "height": 26.479144827558788, "rotation": 0, "rectanglelabels": ["Arrow"], "original_width": 3000, "original_height": 4000}, {"x": 19.63251236435827, "y": 19.07775365783404, "width": 9.733766634429754, "height": 15.837993167885674, "rotation": 0, "rectanglelabels": ["Arrow"], "original_width": 3000, "original_height": 4000}, {"x": 81.00473588991534, "y": 24.89326677416708, "width": 3.6295401009738133, "height": 1.2373432162410702, "rotation": 0, "rectanglelabels": ["Arrow"], "original_width": 3000, "original_height": 4000}],103.93,6,/data/upload/1/34f375d7-UnprocessedTrainingData-Shoot1_6.jpg
2023-02-16T21:49:58.753357Z,2023-02-16T21:49:36.579736Z,8,1,[{"x": 51.35799242877934, "y": 57.89424971961802, "width": 5.444310151460707, "height": 25.99658097322488, "rotation": 0, "rectanglelabels": ["Arrow"], "original_width": 3000, "original_height": 4000}, {"x": 14.518160403895221, "y": 56.12484892039331, "width": 28.67336679769303, "height": 23.13831814370801, "rotation": 0, "rectanglelabels": ["Arrow"], "original_width": 3000, "original_height": 4000}, {"x": 11.614528323116174, "y": 52.041616306797756, "width": 25.58825771186532, "height": 17.830115746033822, "rotation": 0, "rectanglelabels": ["Arrow"], "original_width": 3000, "original_height": 4000}, {"x": 14.699637408943909, "y": 14.475876261718888, "width": 20.14394756040461, "height": 16.332930454382115, "rotation": 0, "rectanglelabels": ["Arrow"], "original_width": 3000, "original_height": 4000}, {"x": 73.86114105481693, "y": 39.928026219797694, "width": 25.951211721962697, "height": 3.266586090876423, "rotation": 0, "rectanglelabels": ["Arrow"], "original_width": 3000, "original_height": 4000}, {"x": 71.13898597908657, "y": 45.50844412504492, "width": 13.97372938874915, "height": 6.941495443112398, "rotation": 0, "rectanglelabels": ["Arrow"], "original_width": 3000, "original_height": 4000}],234.916,7,/data/upload/1/15b526c3-UnprocessedTrainingData-Shoot1_7.jpg
2023-02-16T21:51:43.799622Z,2023-02-16T21:51:06.435760Z,9,1,[{"x": 62.07729468599034, "y": 0, "width": 8.695652173913043, "height": 25.543478260869566, "rotation": 0, "rectanglelabels": ["Arrow"], "original_width": 3000, "original_height": 4000}, {"x": 24.879227053140095, "y": 26.08695652173913, "width": 23.42995169082126, "height": 10.144927536231885, "rotation": 0, "rectanglelabels": ["Arrow"], "original_width": 3000, "original_height": 4000}, {"x": 10.628019323671497, "y": 47.46376811594203, "width": 37.43961352657005, "height": 20.833333333333336, "rotation": 0, "rectanglelabels": ["Arrow"], "original_width": 3000, "original_height": 4000}, {"x": 0.4830917874396135, "y": 63.22463768115942, "width": 42.02898550724637, "height": 36.775362318840585, "rotation": 0, "rectanglelabels": ["Arrow"], "original_width": 3000, "original_height": 4000}, {"x": 8.212560386473433, "y": 42.391304347826086, "width": 43.47826086956522, "height": 5.072463768115942, "rotation": 0, "rectanglelabels": ["Arrow"], "original_width": 3000, "original_height": 4000}, {"x": 10.38647342995169, "y": 32.427536231884055, "width": 32.12560386473429, "height": 6.340579710144928, "rotation": 0, "rectanglelabels": ["Arrow"], "original_width": 3000, "original_height": 4000}],101.92599999999999,8,/data/upload/1/c6bd5dfd-UnprocessedTrainingData-Shoot1_8.jpg
2023-02-16T21:52:41.219329Z,2023-02-16T21:52:41.219279Z,10,1,[{"x": 23.91304347826087, "y": 52.89855072463768, "width": 16.425120772946865, "height": 32.427536231884055, "rotation": 0, "rectanglelabels": ["Arrow"], "original_width": 3000, "original_height": 4000}, {"x": 53.62318840579711, "y": 56.159420289855085, "width": 11.11111111111111, "height": 37.13768115942029, "rotation": 0, "rectanglelabels": ["Arrow"], "original_width": 3000, "original_height": 4000}, {"x": 60.14492753623188, "y": 51.81159420289854, "width": 35.2657004830918, "height": 24.818840579710145, "rotation": 0, "rectanglelabels": ["Arrow"], "original_width": 3000, "original_height": 4000}, {"x": 64.4927536231884, "y": 60.507246376811594, "width": 35.507246376811594, "height": 36.05072463768116, "rotation": 0, "rectanglelabels": ["Arrow"], "original_width": 3000, "original_height": 4000}, {"x": 59.90338164251208, "y": 42.028985507246375, "width": 18.115942028985508, "height": 7.246376811594203, "rotation": 0, "rectanglelabels": ["Arrow"], "original_width": 3000, "original_height": 4000}, {"x": 62.56038647342995, "y": 3.9855072463768106, "width": 28.26086956521739, "height": 24.818840579710145, "rotation": 0, "rectanglelabels": ["Arrow"], "original_width": 3000, "original_height": 4000}],53.122,9,/data/upload/1/10e2ff21-UnprocessedTrainingData-Shoot1_9.jpg
2023-02-16T21:53:40.641077Z,2023-02-16T21:53:40.641044Z,11,1,[{"x": 18.115942028985508, "y": 56.88405797101449, "width": 26.811594202898554, "height": 39.130434782608695, "rotation": 0, "rectanglelabels": ["Arrow"], "original_width": 3000, "original_height": 4000}, {"x": 35.507246376811594, "y": 58.333333333333336, "width": 46.3768115942029, "height": 38.94927536231884, "rotation": 0, "rectanglelabels": ["Arrow"], "original_width": 3000, "original_height": 4000}, {"x": 47.10144927536232, "y": 61.77536231884058, "width": 52.89855072463768, "height": 27.355072463768117, "rotation": 0, "rectanglelabels": ["Arrow"], "original_width": 3000, "original_height": 4000}, {"x": 41.06280193236712, "y": 53.62318840579714, "width": 58.937198067632856, "height": 19.384057971014478, "rotation": 0, "rectanglelabels": ["Arrow"], "original_width": 3000, "original_height": 4000}, {"x": 39.61352657004831, "y": 42.210144927536234, "width": 48.792270531400966, "height": 7.246376811594203, "rotation": 0, "rectanglelabels": ["Arrow"], "original_width": 3000, "original_height": 4000}, {"x": 39.37198067632851, "y": 3.260869565217391, "width": 51.93236714975845, "height": 25.36231884057971, "rotation": 0, "rectanglelabels": ["Arrow"], "original_width": 3000, "original_height": 4000}],56.853,10,/data/upload/1/33873557-UnprocessedTrainingData-Shoot1_10.jpg
2023-02-16T21:54:47.640332Z,2023-02-16T21:54:47.640297Z,12,1,[{"x": 19.08212560386473, "y": 51.26811594202896, "width": 19.08212560386473, "height": 29.528985507246386, "rotation": 0, "rectanglelabels": ["Arrow"], "original_width": 3000, "original_height": 4000}, {"x": 1.4492753623188406, "y": 13.949275362318843, "width": 29.71014492753623, "height": 19.021739130434785, "rotation": 0, "rectanglelabels": ["Arrow"], "original_width": 3000, "original_height": 4000}, {"x": 42.995169082125614, "y": 53.804347826086975, "width": 10.6280193236715, "height": 26.992753623188378, "rotation": 0, "rectanglelabels": ["Arrow"], "original_width": 3000, "original_height": 4000}, {"x": 49.758454106280176, "y": 47.463768115942045, "width": 13.285024154589376, "height": 17.391304347826075, "rotation": 0, "rectanglelabels": ["Arrow"], "original_width": 3000, "original_height": 4000}, {"x": 45.169082125603865, "y": 41.48550724637681, "width": 8.695652173913043, "height": 6.340579710144928, "rotation": 0, "rectanglelabels": ["Arrow"], "original_width": 3000, "original_height": 4000}, {"x": 23.91304347826087, "y": 21.73913043478261, "width": 21.497584541062803, "height": 15.942028985507243, "rotation": 0, "rectanglelabels": ["Arrow"], "original_width": 3000, "original_height": 4000}],64.912,11,/data/upload/1/16469454-UnprocessedTrainingData-Shoot1_11.jpg
2023-02-16T21:55:58.486758Z,2023-02-16T21:55:58.486706Z,13,1,[{"x": 24.396135265700483, "y": 47.46376811594203, "width": 16.908212560386474, "height": 28.985507246376812, "rotation": 0, "rectanglelabels": ["Arrow"], "original_width": 3000, "original_height": 4000}, {"x": 47.58454106280193, "y": 50.90579710144929, "width": 8.937198067632847, "height": 25.724637681159415, "rotation": 0, "rectanglelabels": ["Arrow"], "original_width": 3000, "original_height": 4000}, {"x": 29.71014492753623, "y": 18.478260869565215, "width": 20.531400966183575, "height": 15.942028985507243, "rotation": 0, "rectanglelabels": ["Arrow"], "original_width": 3000, "original_height": 4000}, {"x": 7.2463768115942, "y": 9.782608695652176, "width": 27.053140096618357, "height": 20.289855072463762, "rotation": 0, "rectanglelabels": ["Arrow"], "original_width": 3000, "original_height": 4000}, {"x": 53.86473429951691, "y": 45.83333333333334, "width": 14.975845410628061, "height": 15.579710144927583, "rotation": 0, "rectanglelabels": ["Arrow"], "original_width": 3000, "original_height": 4000}, {"x": 51.207729468599034, "y": 36.59420289855073, "width": 8.212560386473466, "height": 7.246376811594199, "rotation": 0, "rectanglelabels": ["Arrow"], "original_width": 3000, "original_height": 4000}],65.431,12,/data/upload/1/ff8714ff-UnprocessedTrainingData-Shoot1_12.jpg
2023-02-16T21:57:45.602264Z,2023-02-16T21:57:45.602229Z,14,1,[{"x": 9.178743961352657, "y": 51.992753623188406, "width": 55.31400966183575, "height": 26.811594202898558, "rotation": 0, "rectanglelabels": ["Arrow"], "original_width": 3000, "original_height": 4000}, {"x": 16.56885056094542, "y": 46.5564738292011, "width": 46.31293168842575, "height": 19.91256437896754, "rotation": 0, "rectanglelabels": ["Arrow"], "original_width": 3000, "original_height": 4000}, {"x": 0.3992494111071185, "y": 48.20337765001796, "width": 50.50505050505049, "height": 26.500179662235002, "rotation": 0, "rectanglelabels": ["Arrow"], "original_width": 3000, "original_height": 4000}, {"x": 10.380484688785081, "y": 39.66942148760331, "width": 55.69529284944304, "height": 8.833393220745009, "rotation": 0, "rectanglelabels": ["Arrow"], "original_width": 3000, "original_height": 4000}, {"x": 2.195871761089151, "y": 22.75122769193916, "width": 57.49191519942506, "height": 13.175230566534912, "rotation": 0, "rectanglelabels": ["Arrow"], "original_width": 3000, "original_height": 4000}, {"x": 0, "y": 16.61276799616721, "width": 46.113306982872196, "height": 13.92382321236076, "rotation": 0, "rectanglelabels": ["Arrow"], "original_width": 3000, "original_height": 4000}],102.033,13,/data/upload/1/3a109a50-UnprocessedTrainingData-Shoot1_13.jpg
2023-02-16T21:59:22.048627Z,2023-02-16T21:59:19.071627Z,15,1,[{"x": 13.066344363505698, "y": 50.81664652271911, "width": 54.443101514607065, "height": 25.58825771186531, "rotation": 0, "rectanglelabels": ["Arrow"], "original_width": 3000, "original_height": 4000}, {"x": 3.811017106022495, "y": 47.005629416696614, "width": 50.99503841868195, "height": 26.132688727011384, "rotation": 0, "rectanglelabels": ["Arrow"], "original_width": 3000, "original_height": 4000}, {"x": 18.329177509917713, "y": 45.3723363712584, "width": 48.2728833429516, "height": 20.143947560404612, "rotation": 0, "rectanglelabels": ["Arrow"], "original_width": 3000, "original_height": 4000}, {"x": 12.884867358457004, "y": 39.11137969707858, "width": 56.43934857014266, "height": 9.391435011269719, "rotation": 0, "rectanglelabels": ["Arrow"], "original_width": 3000, "original_height": 4000}, {"x": 7.259080201947611, "y": 25.228388810853787, "width": 54.98753252975314, "height": 10.616404795348377, "rotation": 0, "rectanglelabels": ["Arrow"], "original_width": 3000, "original_height": 4000}, {"x": 0, "y": 19.10353989046049, "width": 50.087653393438494, "height": 11.977482333213551, "rotation": 0, "rectanglelabels": ["Arrow"], "original_width": 3000, "original_height": 4000}],80.638,14,/data/upload/1/89d0b398-UnprocessedTrainingData-Shoot1_14.jpg
2023-02-16T22:00:30.457458Z,2023-02-16T22:00:30.457425Z,16,1,[{"x": 25.73673889781424, "y": 51.23734321624106, "width": 17.652763218372584, "height": 23.75698975182854, "rotation": 0, "rectanglelabels": ["Arrow"], "original_width": 3000, "original_height": 4000}, {"x": 38.44012925122256, "y": 36.01802165647591, "width": 7.259080201947606, "height": 4.578169900091958, "rotation": 0, "rectanglelabels": ["Arrow"], "original_width": 3000, "original_height": 4000}, {"x": 43.22452302068769, "y": 47.277844924269395, "width": 7.589038392945477, "height": 21.282303319346187, "rotation": 0, "rectanglelabels": ["Arrow"], "original_width": 3000, "original_height": 4000}, {"x": 66.15661729502251, "y": 54.949372864964275, "width": 31.01606995377614, "height": 28.953831260041014, "rotation": 0, "rectanglelabels": ["Arrow"], "original_width": 3000, "original_height": 4000}, {"x": 75.72540483395345, "y": 49.25759407025535, "width": 23.921968847327335, "height": 6.062981759581237, "rotation": 0, "rectanglelabels": ["Arrow"], "original_width": 3000, "original_height": 4000}, {"x": 88.42879518736176, "y": 36.76042758622055, "width": 11.218578493919026, "height": 2.2272177892339218, "rotation": 0, "rectanglelabels": ["Arrow"], "original_width": 3000, "original_height": 4000}],65.533,15,/data/upload/1/30aa2601-UnprocessedTrainingData-Shoot1_15.jpg
2023-02-16T22:01:23.515841Z,2023-02-16T22:01:23.515800Z,17,1,[{"x": 55.797101449275374, "y": 53.9855072463768, "width": 18.357487922705314, "height": 24.637681159420296, "rotation": 0, "rectanglelabels": ["Arrow"], "original_width": 3000, "original_height": 4000}, {"x": 23.91304347826087, "y": 36.41304347826087, "width": 13.526570048309178, "height": 4.891304347826087, "rotation": 0, "rectanglelabels": ["Arrow"], "original_width": 3000, "original_height": 4000}, {"x": 11.352657004830919, "y": 51.08695652173913, "width": 23.67149758454106, "height": 19.565217391304348, "rotation": 0, "rectanglelabels": ["Arrow"], "original_width": 3000, "original_height": 4000}, {"x": 26.811594202898554, "y": 48.18840579710144, "width": 14.009661835748794, "height": 16.847826086956523, "rotation": 0, "rectanglelabels": ["Arrow"], "original_width": 3000, "original_height": 4000}, {"x": 64.97584541062804, "y": 48.55072463768114, "width": 35.024154589371975, "height": 10.326086956521735, "rotation": 0, "rectanglelabels": ["Arrow"], "original_width": 3000, "original_height": 4000}, {"x": 75.36231884057973, "y": 36.41304347826087, "width": 24.637681159420293, "height": 3.079710144927537, "rotation": 0, "rectanglelabels": ["Arrow"], "original_width": 3000, "original_height": 4000}],50.25,16,/data/upload/1/8a3e6fff-UnprocessedTrainingData-Shoot1_16.jpg
2023-02-16T22:03:09.893626Z,2023-02-16T22:03:09.893594Z,18,1,[{"x": 0, "y": 42.72935317406502, "width": 49.549268231681424, "height": 4.734414941877026, "rotation": 0, "rectanglelabels": ["Arrow"], "original_width": 3000, "original_height": 4000}, {"x": 0.14998099590800848, "y": 50.49493728649643, "width": 52.493348567802954, "height": 17.772748015098998, "rotation": 0, "rectanglelabels": ["Arrow"], "original_width": 3000, "original_height": 4000}, {"x": 30.29616117341771, "y": 57.35656784928782, "width": 36.59536300155405, "height": 31.49600914068177, "rotation": 0, "rectanglelabels": ["Arrow"], "original_width": 3000, "original_height": 4000}, {"x": 59.842417367295354, "y": 52.632166478185546, "width": 16.19794755806491, "height": 21.597263410753214, "rotation": 0, "rectanglelabels": ["Arrow"], "original_width": 3000, "original_height": 4000}, {"x": 0, "y": 1.5748004570340886, "width": 14.848118594892837, "height": 21.822234904615225, "rotation": 0, "rectanglelabels": ["Arrow"], "original_width": 3000, "original_height": 4000}],103.275,17,/data/upload/1/21e1b6af-UnprocessedTrainingData-Shoot1_17.jpg
2023-02-16T22:04:30.055468Z,2023-02-16T22:04:30.055431Z,19,1,[{"x": 25.496769304361422, "y": 61.22812273911315, "width": 32.17774094026362, "height": 19.327096518145627, "rotation": 0, "rectanglelabels": ["Arrow"], "original_width": 3000, "original_height": 4000}, {"x": 46.357762371566224, "y": 50.89988597544802, "width": 31.223316420849013, "height": 16.56608272983911, "rotation": 0, "rectanglelabels": ["Arrow"], "original_width": 3000, "original_height": 4000}, {"x": 0, "y": 49.36598942638795, "width": 53.720465807049365, "height": 15.23670572065484, "rotation": 0, "rectanglelabels": ["Arrow"], "original_width": 3000, "original_height": 4000}, {"x": 0.40903907974911374, "y": 51.51344459507169, "width": 46.90314781123172, "height": 12.986990782034361, "rotation": 0, "rectanglelabels": ["Arrow"], "original_width": 3000, "original_height": 4000}, {"x": 0, "y": 41.2874676013436, "width": 50.58449952897324, "height": 3.783611487679304, "rotation": 0, "rectanglelabels": ["Arrow"], "original_width": 3000, "original_height": 4000}, {"x": 79.08088875149512, "y": 39.344531972535556, "width": 12.407518752389754, "height": 5.52202757661294, "rotation": 0, "rectanglelabels": ["Arrow"], "original_width": 3000, "original_height": 4000}],77.43,18,/data/upload/1/bc51dda8-UnprocessedTrainingData-Shoot1_18.jpg
2023-02-16T22:05:24.066187Z,2023-02-16T22:05:24.066125Z,20,1,[{"x": 0, "y": 48.91113796970785, "width": 32.48438390371555, "height": 21.096701836910245, "rotation": 0, "rectanglelabels": ["Arrow"], "original_width": 3000, "original_height": 4000}, {"x": 20.869855580599374, "y": 44.01125883339322, "width": 19.780993550307233, "height": 8.166465227191054, "rotation": 0, "rectanglelabels": ["Arrow"], "original_width": 3000, "original_height": 4000}, {"x": 27.765981772449607, "y": 29.856052439595377, "width": 17.058838474576877, "height": 10.480297041561863, "rotation": 0, "rectanglelabels": ["Arrow"], "original_width": 3000, "original_height": 4000}, {"x": 11.614528323116174, "y": 24.547850041921198, "width": 21.595763600794136, "height": 11.296943564280964, "rotation": 0, "rectanglelabels": ["Arrow"], "original_width": 3000, "original_height": 4000}, {"x": 5.625787156509396, "y": 20.05629416696611, "width": 25.951211721962697, "height": 13.610775378651766, "rotation": 0, "rectanglelabels": ["Arrow"], "original_width": 3000, "original_height": 4000}, {"x": 91.28293353949118, "y": 49.04724572349437, "width": 8.166465227191056, "height": 3.4026938446629416, "rotation": 0, "rectanglelabels": ["Arrow"], "original_width": 3000, "original_height": 4000}, {"x": 74.58704907501168, "y": 39.11137969707858, "width": 25.22530370176795, "height": 4.355448121168567, "rotation": 0, "rectanglelabels": ["Arrow"], "original_width": 3000, "original_height": 4000}],51.004,19,/data/upload/1/e7125846-UnprocessedTrainingData-Shoot1_19.jpg
2023-02-16T22:06:14.707468Z,2023-02-16T22:06:14.707435Z,21,1,[{"x": 0, "y": 53.260869565217405, "width": 40.57971014492754, "height": 31.702898550724637, "rotation": 0, "rectanglelabels": ["Arrow"], "original_width": 3000, "original_height": 4000}, {"x": 9.178743961352657, "y": 50.72463768115942, "width": 34.78260869565217, "height": 18.65942028985507, "rotation": 0, "rectanglelabels": ["Arrow"], "original_width": 3000, "original_height": 4000}, {"x": 40.82125603864733, "y": 44.56521739130435, "width": 9.66183574879228, "height": 7.608695652173911, "rotation": 0, "rectanglelabels": ["Arrow"], "original_width": 3000, "original_height": 4000}, {"x": 0.7246376811594203, "y": 22.463768115942027, "width": 36.95652173913042, "height": 17.753623188405797, "rotation": 0, "rectanglelabels": ["Arrow"], "original_width": 3000, "original_height": 4000}, {"x": 0.24154589371980675, "y": 19.021739130434785, "width": 40.57971014492754, "height": 19.92753623188406, "rotation": 0, "rectanglelabels": ["Arrow"], "original_width": 3000, "original_height": 4000}, {"x": 23.67149758454106, "y": 27.898550724637687, "width": 28.26086956521739, "height": 15.942028985507243, "rotation": 0, "rectanglelabels": ["Arrow"], "original_width": 3000, "original_height": 4000}, {"x": 89.85507246376811, "y": 41.48550724637681, "width": 9.66183574879227, "height": 2.1739130434782608, "rotation": 0, "rectanglelabels": ["Arrow"], "original_width": 3000, "original_height": 4000}],44.725,20,/data/upload/1/ea9c40c5-UnprocessedTrainingData-Shoot1_20.jpg
2023-02-16T22:07:32.472601Z,2023-02-16T22:07:32.472571Z,22,1,[{"x": 0.24154589371980675, "y": 54.166666666666664, "width": 39.85507246376812, "height": 30.615942028985515, "rotation": 0, "rectanglelabels": ["Arrow"], "original_width": 3000, "original_height": 4000}, {"x": 7.971014492753621, "y": 50.36231884057971, "width": 35.990338164251206, "height": 19.202898550724637, "rotation": 0, "rectanglelabels": ["Arrow"], "original_width": 3000, "original_height": 4000}, {"x": 41.545893719806756, "y": 43.29710144927536, "width": 9.178743961352662, "height": 8.152173913043477, "rotation": 0, "rectanglelabels": ["Arrow"], "original_width": 3000, "original_height": 4000}, {"x": 0, "y": 21.557971014492754, "width": 37.43961352657005, "height": 17.934782608695652, "rotation": 0, "rectanglelabels": ["Arrow"], "original_width": 3000, "original_height": 4000}, {"x": 0, "y": 19.02173913043478, "width": 41.06280193236716, "height": 20.28985507246378, "rotation": 0, "rectanglelabels": ["Arrow"], "original_width": 3000, "original_height": 4000}, {"x": 88.64734299516908, "y": 41.66666666666667, "width": 11.352657004830919, "height": 1.6304347826086956, "rotation": 0, "rectanglelabels": ["Arrow"], "original_width": 3000, "original_height": 4000}, {"x": 23.91304347826087, "y": 27.173913043478255, "width": 25.845410628019323, "height": 15.21739130434783, "rotation": 0, "rectanglelabels": ["Arrow"], "original_width": 3000, "original_height": 4000}],75.352,21,/data/upload/1/33bd1f1f-UnprocessedTrainingData-Shoot1_21.jpg
2023-02-16T22:08:28.105875Z,2023-02-16T22:08:28.105840Z,23,1,[{"x": 0.18147700504869022, "y": 49.31946123106741, "width": 56.620825575191354, "height": 17.830115746033822, "rotation": 0, "rectanglelabels": ["Arrow"], "original_width": 3000, "original_height": 4000}, {"x": 0, "y": 45.10012086368537, "width": 63.87990577713896, "height": 13.610775378651766, "rotation": 0, "rectanglelabels": ["Arrow"], "original_width": 3000, "original_height": 4000}, {"x": 0, "y": 41.289103757662865, "width": 66.60206085286931, "height": 9.799758272629271, "rotation": 0, "rectanglelabels": ["Arrow"], "original_width": 3000, "original_height": 4000}, {"x": 0.36295401009738043, "y": 31.489345485033596, "width": 69.50569293364835, "height": 8.710896242337133, "rotation": 0, "rectanglelabels": ["Arrow"], "original_width": 3000, "original_height": 4000}, {"x": 0.18147700504869022, "y": 25.092281057067268, "width": 55.16900953480183, "height": 10.34418928777534, "rotation": 0, "rectanglelabels": ["Arrow"], "original_width": 3000, "original_height": 4000}, {"x": 0.36295401009738043, "y": 23.050664750269497, "width": 58.072641615580864, "height": 12.113590087000075, "rotation": 0, "rectanglelabels": ["Arrow"], "original_width": 3000, "original_height": 4000}],47.391,22,/data/upload/1/03c77d08-UnprocessedTrainingData-Shoot1_22.jpg
2023-02-16T22:09:15.371354Z,2023-02-16T22:09:15.371320Z,24,1,[{"x": 76.81159420289855, "y": 47.28260869565217, "width": 18.59903381642512, "height": 25.90579710144927, "rotation": 0, "rectanglelabels": ["Arrow"], "original_width": 3000, "original_height": 4000}, {"x": 90.57971014492753, "y": 64.31159420289855, "width": 8.695652173913043, "height": 14.31159420289855, "rotation": 0, "rectanglelabels": ["Arrow"], "original_width": 3000, "original_height": 4000}, {"x": 38.16425120772944, "y": 39.31159420289855, "width": 18.115942028985504, "height": 5.797101449275346, "rotation": 0, "rectanglelabels": ["Arrow"], "original_width": 3000, "original_height": 4000}, {"x": 0.24154589371980675, "y": 49.094202898550726, "width": 12.80193236714976, "height": 4.166666666666666, "rotation": 0, "rectanglelabels": ["Arrow"], "original_width": 3000, "original_height": 4000}, {"x": 0.4830917874396135, "y": 45.65217391304348, "width": 17.6328502415459, "height": 3.260869565217391, "rotation": 0, "rectanglelabels": ["Arrow"], "original_width": 3000, "original_height": 4000}, {"x": 0.24154589371980675, "y": 42.391304347826086, "width": 19.565217391304348, "height": 2.898550724637681, "rotation": 0, "rectanglelabels": ["Arrow"], "original_width": 3000, "original_height": 4000}, {"x": 0.7246376811594203, "y": 39.492753623188406, "width": 21.256038647342994, "height": 1.6304347826086956, "rotation": 0, "rectanglelabels": ["Arrow"], "original_width": 3000, "original_height": 4000}, {"x": 0.24154589371980675, "y": 35.14492753623188, "width": 11.11111111111111, "height": 2.1739130434782608, "rotation": 0, "rectanglelabels": ["Arrow"], "original_width": 3000, "original_height": 4000}],44.082,23,/data/upload/1/f09b8fab-UnprocessedTrainingData-Shoot1_23.jpg
2023-02-16T22:10:00.052915Z,2023-02-16T22:10:00.052872Z,25,1,[{"x": 0, "y": 38.04347826086957, "width": 19.08212560386473, "height": 2.1739130434782608, "rotation": 0, "rectanglelabels": ["Arrow"], "original_width": 3000, "original_height": 4000}, {"x": 27.053140096618357, "y": 49.818840579710134, "width": 12.80193236714976, "height": 15.76086956521739, "rotation": 0, "rectanglelabels": ["Arrow"], "original_width": 3000, "original_height": 4000}, {"x": 54.830917874396135, "y": 44.38405797101449, "width": 37.19806763285024, "height": 8.695652173913043, "rotation": 0, "rectanglelabels": ["Arrow"], "original_width": 3000, "original_height": 4000}, {"x": 47.10144927536232, "y": 64.85507246376811, "width": 6.038647342995169, "height": 34.42028985507246, "rotation": 0, "rectanglelabels": ["Arrow"], "original_width": 3000, "original_height": 4000}, {"x": 57.2463768115942, "y": 50.90579710144929, "width": 35.2657004830918, "height": 23.007246376811594, "rotation": 0, "rectanglelabels": ["Arrow"], "original_width": 3000, "original_height": 4000}, {"x": 68.84057971014491, "y": 53.44202898550725, "width": 30.917874396135264, "height": 19.384057971014492, "rotation": 0, "rectanglelabels": ["Arrow"], "original_width": 3000, "original_height": 4000}],43.225,24,/data/upload/1/2c107c56-UnprocessedTrainingData-Shoot1_24.jpg
2023-02-16T22:11:58.389425Z,2023-02-16T22:11:58.389361Z,26,1,[{"x": 1.397372938874915, "y": 55.539585579111275, "width": 58.68966343274643, "height": 26.35046113306982, "rotation": 0, "rectanglelabels": ["Arrow"], "original_width": 3000, "original_height": 4000}, {"x": 25.15271289974847, "y": 43.71182177506288, "width": 52.301672855032535, "height": 23.954964666427113, "rotation": 0, "rectanglelabels": ["Arrow"], "original_width": 3000, "original_height": 4000}, {"x": 25.35233760530203, "y": 42.813510600071865, "width": 42.32043757735456, "height": 19.762845849802364, "rotation": 0, "rectanglelabels": ["Arrow"], "original_width": 3000, "original_height": 4000}, {"x": 0, "y": 41.76548089591568, "width": 49.90617638838983, "height": 9.132830279075337, "rotation": 0, "rectanglelabels": ["Arrow"], "original_width": 3000, "original_height": 4000}, {"x": 0.3992494111071185, "y": 38.02251766678644, "width": 6.387990577713896, "height": 1.347466762486527, "rotation": 0, "rectanglelabels": ["Arrow"], "original_width": 3000, "original_height": 4000}, {"x": 0.5988741166606779, "y": 35.3275841418134, "width": 7.386114105481695, "height": 1.0480297041561895, "rotation": 0, "rectanglelabels": ["Arrow"], "original_width": 3000, "original_height": 4000}, {"x": 0.19962470555355924, "y": 33.081806204335855, "width": 9.981235277677966, "height": 1.4971852916516935, "rotation": 0, "rectanglelabels": ["Arrow"], "original_width": 3000, "original_height": 4000}, {"x": 0.3992494111071185, "y": 30.08743562103247, "width": 1.7966223499820335, "height": 0.44915558749550377, "rotation": 0, "rectanglelabels": ["Arrow"], "original_width": 3000, "original_height": 4000}, {"x": 0, "y": 31.43490238351899, "width": 34.53507406076576, "height": 1.3474667624865297, "rotation": 0, "rectanglelabels": ["Arrow"], "original_width": 3000, "original_height": 4000}, {"x": 6.587615283267456, "y": 36.52533237513475, "width": 61.883658721603375, "height": 6.887052341597793, "rotation": 0, "rectanglelabels": ["Arrow"], "original_width": 3000, "original_height": 4000}],115.443,25,/data/upload/1/d08ddd97-UnprocessedTrainingData-Shoot1_25.jpg
2023-02-16T22:13:10.693421Z,2023-02-16T22:13:10.693388Z,27,1,[{"x": 32.378021225060735, "y": 35.12305785353437, "width": 4.7494463190594445, "height": 2.025499165481236, "rotation": 0, "rectanglelabels": ["Arrow"], "original_width": 3000, "original_height": 4000}, {"x": 38.61748991872706, "y": 38.47560819639986, "width": 1.3968959761939597, "height": 1.0476719821454696, "rotation": 0, "rectanglelabels": ["Arrow"], "original_width": 3000, "original_height": 4000}, {"x": 42.24941945683134, "y": 33.58647227972102, "width": 2.04878076508447, "height": 1.746119970242443, "rotation": 0, "rectanglelabels": ["Arrow"], "original_width": 3000, "original_height": 4000}, {"x": 38.244984325075336, "y": 28.837025960661578, "width": 3.538803139691354, "height": 3.4922399404848963, "rotation": 0, "rectanglelabels": ["Arrow"], "original_width": 3000, "original_height": 4000}, {"x": 41.5044082695279, "y": 29.25609475351977, "width": 2.980044749213768, "height": 3.8414639345333716, "rotation": 0, "rectanglelabels": ["Arrow"], "original_width": 3000, "original_height": 4000}, {"x": 61.526583928307915, "y": 30.862525126142813, "width": 1.0243903825422425, "height": 2.1651887631006326, "rotation": 0, "rectanglelabels": ["Arrow"], "original_width": 3000, "original_height": 4000}, {"x": 70.37359177753628, "y": 29.046560357090673, "width": 2.980044749213768, "height": 2.6541023547685105, "rotation": 0, "rectanglelabels": ["Arrow"], "original_width": 3000, "original_height": 4000}, {"x": 73.5398893235759, "y": 34.215075469008305, "width": 3.5388031396913404, "height": 1.606430372623046, "rotation": 0, "rectanglelabels": [], "original_width": 3000, "original_height": 4000}, {"x": 72.23611974579491, "y": 37.07871222020591, "width": 2.980044749213768, "height": 1.1873615797648662, "rotation": 0, "rectanglelabels": ["Arrow"], "original_width": 3000, "original_height": 4000}],68.999,26,/data/upload/1/807f28d4-UnprocessedTrainingData-Shoot1_26.jpg
2023-02-16T22:14:14.398448Z,2023-02-16T22:14:14.398407Z,28,1,[{"x": 13.043478260869565, "y": 58.876811594202884, "width": 34.29951690821256, "height": 40.76086956521739, "rotation": 0, "rectanglelabels": ["Arrow"], "original_width": 3000, "original_height": 4000}, {"x": 0.4830917874396135, "y": 51.08695652173913, "width": 36.95652173913042, "height": 10.326086956521738, "rotation": 0, "rectanglelabels": ["Arrow"], "original_width": 3000, "original_height": 4000}, {"x": 0.4830917874396135, "y": 48.18840579710144, "width": 40.09661835748792, "height": 29.71014492753623, "rotation": 0, "rectanglelabels": ["Arrow"], "original_width": 3000, "original_height": 4000}, {"x": 56.038647342995176, "y": 44.38405797101449, "width": 29.71014492753623, "height": 20.652173913043477, "rotation": 0, "rectanglelabels": ["Arrow"], "original_width": 3000, "original_height": 4000}, {"x": 16.908212560386474, "y": 0, "width": 38.8888888888889, "height": 34.78260869565217, "rotation": 0, "rectanglelabels": ["Arrow"], "original_width": 3000, "original_height": 4000}, {"x": 51.93236714975845, "y": 0.36231884057971014, "width": 13.043478260869565, "height": 38.405797101449274, "rotation": 0, "rectanglelabels": ["Arrow"], "original_width": 3000, "original_height": 4000}],61.594,27,/data/upload/1/f72595df-UnprocessedTrainingData-Shoot1_27.jpg
2023-02-16T22:14:56.032703Z,2023-02-16T22:14:56.032668Z,29,1,[{"x": 40.33816425120773, "y": 54.34782608695651, "width": 17.14975845410628, "height": 34.78260869565217, "rotation": 0, "rectanglelabels": ["Arrow"], "original_width": 3000, "original_height": 4000}, {"x": 64.00966183574877, "y": 40.94202898550724, "width": 28.019323671497588, "height": 7.427536231884058, "rotation": 0, "rectanglelabels": ["Arrow"], "original_width": 3000, "original_height": 4000}, {"x": 0, "y": 48.18840579710144, "width": 48.792270531400966, "height": 11.231884057971014, "rotation": 0, "rectanglelabels": ["Arrow"], "original_width": 3000, "original_height": 4000}, {"x": 30.676328502415455, "y": 44.7463768115942, "width": 20.77294685990338, "height": 16.304347826086957, "rotation": 0, "rectanglelabels": ["Arrow"], "original_width": 3000, "original_height": 4000}, {"x": 42.270531400966185, "y": 3.079710144927537, "width": 22.22222222222222, "height": 29.347826086956523, "rotation": 0, "rectanglelabels": ["Arrow"], "original_width": 3000, "original_height": 4000}, {"x": 67.39130434782611, "y": 5.434782608695652, "width": 8.695652173913043, "height": 30.43478260869566, "rotation": 0, "rectanglelabels": ["Arrow"], "original_width": 3000, "original_height": 4000}],39.025,28,/data/upload/1/aa1d7f0a-UnprocessedTrainingData-Shoot1_28.jpg
2023-02-16T22:15:38.960319Z,2023-02-16T22:15:38.960285Z,30,1,[{"x": 27.536231884057973, "y": 48.007246376811594, "width": 15.458937198067632, "height": 12.318840579710148, "rotation": 0, "rectanglelabels": ["Arrow"], "original_width": 3000, "original_height": 4000}, {"x": 15.217391304347828, "y": 29.347826086956523, "width": 23.91304347826087, "height": 9.057971014492754, "rotation": 0, "rectanglelabels": ["Arrow"], "original_width": 3000, "original_height": 4000}, {"x": 65.94202898550725, "y": 13.405797101449279, "width": 24.637681159420293, "height": 20.108695652173914, "rotation": 0, "rectanglelabels": ["Arrow"], "original_width": 3000, "original_height": 4000}, {"x": 75.1207729468599, "y": 44.565217391304344, "width": 24.396135265700483, "height": 5.615942028985507, "rotation": 0, "rectanglelabels": ["Arrow"], "original_width": 3000, "original_height": 4000}, {"x": 72.2222222222222, "y": 52.89855072463768, "width": 27.536231884057973, "height": 15.579710144927537, "rotation": 0, "rectanglelabels": ["Arrow"], "original_width": 3000, "original_height": 4000}, {"x": 34.541062801932355, "y": 65.76086956521733, "width": 8.937198067632844, "height": 33.876811594202884, "rotation": 0, "rectanglelabels": ["Arrow"], "original_width": 3000, "original_height": 4000}],40.692,29,/data/upload/1/f058ec3d-UnprocessedTrainingData-Shoot1_29.jpg
2023-02-16T22:16:32.068098Z,2023-02-16T22:16:32.067982Z,31,1,[{"x": 19.08212560386473, "y": 54.34782608695651, "width": 37.92270531400966, "height": 17.753623188405797, "rotation": 0, "rectanglelabels": ["Arrow"], "original_width": 3000, "original_height": 4000}, {"x": 42.028985507246375, "y": 43.11594202898551, "width": 47.58454106280193, "height": 6.159420289855074, "rotation": 0, "rectanglelabels": ["Arrow"], "original_width": 3000, "original_height": 4000}, {"x": 43.961352657004824, "y": 35.869565217391305, "width": 48.067632850241566, "height": 3.623188405797122, "rotation": 0, "rectanglelabels": ["Arrow"], "original_width": 3000, "original_height": 4000}, {"x": 36.95652173913042, "y": 15.76086956521739, "width": 40.09661835748792, "height": 11.41304347826087, "rotation": 0, "rectanglelabels": ["Arrow"], "original_width": 3000, "original_height": 4000}, {"x": 13.526570048309178, "y": 19.92753623188406, "width": 23.91304347826087, "height": 9.96376811594203, "rotation": 0, "rectanglelabels": ["Arrow"], "original_width": 3000, "original_height": 4000}, {"x": 18.357487922705317, "y": 39.31159420289855, "width": 32.3671497584541, "height": 4.528985507246381, "rotation": 0, "rectanglelabels": ["Arrow"], "original_width": 3000, "original_height": 4000}],50.684,30,/data/upload/1/936448dc-UnprocessedTrainingData-Shoot1_30.jpg
2023-02-16T22:17:16.928431Z,2023-02-16T22:17:16.928394Z,32,1,[{"x": 49.75845410628021, "y": 47.46376811594202, "width": 8.695652173913034, "height": 26.811594202898558, "rotation": 0, "rectanglelabels": ["Arrow"], "original_width": 3000, "original_height": 4000}, {"x": 36.231884057971016, "y": 13.405797101449279, "width": 12.318840579710146, "height": 18.297101449275363, "rotation": 0, "rectanglelabels": ["Arrow"], "original_width": 3000, "original_height": 4000}, {"x": 15.217391304347828, "y": 25, "width": 23.42995169082126, "height": 10.144927536231885, "rotation": 0, "rectanglelabels": ["Arrow"], "original_width": 3000, "original_height": 4000}, {"x": 18.357487922705314, "y": 39.311594202898554, "width": 23.91304347826087, "height": 7.427536231884058, "rotation": 0, "rectanglelabels": ["Arrow"], "original_width": 3000, "original_height": 4000}, {"x": 7.729468599033816, "y": 46.3768115942029, "width": 34.78260869565217, "height": 17.753623188405797, "rotation": 0, "rectanglelabels": ["Arrow"], "original_width": 3000, "original_height": 4000}, {"x": 3.140096618357488, "y": 43.84057971014493, "width": 37.681159420289866, "height": 16.847826086956523, "rotation": 0, "rectanglelabels": ["Arrow"], "original_width": 3000, "original_height": 4000}],42.94,31,/data/upload/1/e8f6bf6f-UnprocessedTrainingData-Shoot1_31.jpg
2023-02-16T22:17:50.907654Z,2023-02-16T22:17:50.907622Z,33,1,[{"x": 44.24439379286249, "y": 30.314994287073898, "width": 8.398935770848471, "height": 7.874002285170443, "rotation": 0, "rectanglelabels": ["Arrow"], "original_width": 3000, "original_height": 4000}, {"x": 32.99581909976187, "y": 36.276738874417234, "width": 12.598403656272707, "height": 5.061858611895287, "rotation": 0, "rectanglelabels": ["Arrow"], "original_width": 3000, "original_height": 4000}, {"x": 34.945572046565964, "y": 43.70079817186365, "width": 14.098213615352794, "height": 4.161972636447228, "rotation": 0, "rectanglelabels": ["Arrow"], "original_width": 3000, "original_height": 4000}, {"x": 28.646370218429613, "y": 46.62542759206982, "width": 18.747624488501057, "height": 8.211459525963466, "rotation": 0, "rectanglelabels": ["Arrow"], "original_width": 3000, "original_height": 4000}, {"x": 29.696237189785673, "y": 49.10011402455196, "width": 19.497529468041094, "height": 7.986488032101445, "rotation": 0, "rectanglelabels": ["Arrow"], "original_width": 3000, "original_height": 4000}, {"x": 50.84355761281486, "y": 50.22497149386202, "width": 7.199087803584405, "height": 9.44880274220453, "rotation": 0, "rectanglelabels": ["Arrow"], "original_width": 3000, "original_height": 4000}],29.963,32,/data/upload/1/972e17da-UnprocessedTrainingData-Shoot1_32.jpg
2023-02-16T22:18:56.610536Z,2023-02-16T22:18:56.610506Z,34,1,[{"x": 41.84469785833436, "y": 45.61305586969076, "width": 5.399315852688304, "height": 2.0247434447581085, "rotation": 0, "rectanglelabels": ["Arrow"], "original_width": 3000, "original_height": 4000}, {"x": 38.84507794017418, "y": 38.41396806610635, "width": 7.7990117872164335, "height": 4.049486889516228, "rotation": 0, "rectanglelabels": ["Arrow"], "original_width": 3000, "original_height": 4000}, {"x": 45.74420375194257, "y": 41.67605472710553, "width": 7.649030791308434, "height": 1.9122576978271084, "rotation": 0, "rectanglelabels": ["Arrow"], "original_width": 3000, "original_height": 4000}, {"x": 63.441961269087564, "y": 46.1754846043458, "width": 9.898745729928562, "height": 5.511801599619304, "rotation": 0, "rectanglelabels": ["Arrow"], "original_width": 3000, "original_height": 4000}, {"x": 58.439150472764275, "y": 50.149759667782085, "width": 10.164001375584036, "height": 6.135586196236701, "rotation": 0, "rectanglelabels": ["Arrow"], "original_width": 3000, "original_height": 4000}, {"x": 57.69544305503862, "y": 51.451247648802, "width": 4.710146978929191, "height": 9.203379294355061, "rotation": 0, "rectanglelabels": ["Arrow"], "original_width": 3000, "original_height": 4000}],13.145,33,/data/upload/1/13da1540-UnprocessedTrainingData-Shoot1_33.jpg
2023-02-16T22:19:38.508545Z,2023-02-16T22:19:38.508513Z,35,1,[{"x": 61.37222352555705, "y": 40.34872291331965, "width": 7.424059297446418, "height": 9.280074121808026, "rotation": 0, "rectanglelabels": ["Arrow"], "original_width": 3000, "original_height": 4000}, {"x": 52.13339417762373, "y": 44.43195552691518, "width": 5.609289246959513, "height": 16.20919613275801, "rotation": 0, "rectanglelabels": ["Arrow"], "original_width": 3000, "original_height": 4000}, {"x": 42.399627543193965, "y": 47.772782210766074, "width": 9.403808443432132, "height": 19.797491459857106, "rotation": 0, "rectanglelabels": ["Arrow"], "original_width": 3000, "original_height": 4000}, {"x": 12.043473971413075, "y": 38.86391105383037, "width": 25.406780706816622, "height": 5.939247437957133, "rotation": 0, "rectanglelabels": ["Arrow"], "original_width": 3000, "original_height": 4000}, {"x": 18.147700504869, "y": 33.914538188866096, "width": 27.221550757303497, "height": 3.7120296487232043, "rotation": 0, "rectanglelabels": ["Arrow"], "original_width": 3000, "original_height": 4000}, {"x": 4.45443557846785, "y": 28.47022803740538, "width": 32.99581909976185, "height": 6.681653367701775, "rotation": 0, "rectanglelabels": ["Arrow"], "original_width": 3000, "original_height": 4000}],35.756,34,/data/upload/1/36e29d34-UnprocessedTrainingData-Shoot1_34.jpg
